{"train/acc": 0.6688034188034188, "test/acc": 0.45454545454545453, "_timestamp": 1701860098.0969799, "_runtime": 169.75141191482544, "_step": 298, "_wandb": {"runtime": 169}}