{"train/acc": 0.8931623931623932, "test/acc": 0.6818181818181818, "_timestamp": 1701756457.068925, "_runtime": 195.8433759212494, "_step": 298, "_wandb": {"runtime": 195}}