{"train/acc": 0.7286324786324786, "test/acc": 0.45454545454545453, "_timestamp": 1701859080.702395, "_runtime": 420.41842007637024, "_step": 298, "_wandb": {"runtime": 209}}