{"train/acc": 0.6645299145299145, "test/acc": 0.36363636363636365, "_timestamp": 1701859530.7939541, "_runtime": 165.3045871257782, "_step": 298, "_wandb": {"runtime": 164}}